{"name":"LMS_TTM","classpathEntries":[{"kind":"binary","path":"C:\\Program Files\\Java\\jdk1.8.0_231\\jre\\lib\\resources.jar","javadocContainerUrl":"https://docs.oracle.com/javase/1/docs/api/","isSystem":true,"isOwn":false,"isTest":false,"isJavaContent":false},{"kind":"binary","path":"C:\\Program Files\\Java\\jdk1.8.0_231\\jre\\lib\\rt.jar","javadocContainerUrl":"https://docs.oracle.com/javase/1/docs/api/","isSystem":true,"isOwn":false,"isTest":false,"isJavaContent":false},{"kind":"binary","path":"C:\\Program Files\\Java\\jdk1.8.0_231\\jre\\lib\\jsse.jar","javadocContainerUrl":"https://docs.oracle.com/javase/1/docs/api/","isSystem":true,"isOwn":false,"isTest":false,"isJavaContent":false},{"kind":"binary","path":"C:\\Program Files\\Java\\jdk1.8.0_231\\jre\\lib\\jce.jar","javadocContainerUrl":"https://docs.oracle.com/javase/1/docs/api/","isSystem":true,"isOwn":false,"isTest":false,"isJavaContent":false},{"kind":"binary","path":"C:\\Program Files\\Java\\jdk1.8.0_231\\jre\\lib\\charsets.jar","javadocContainerUrl":"https://docs.oracle.com/javase/1/docs/api/","isSystem":true,"isOwn":false,"isTest":false,"isJavaContent":false},{"kind":"binary","path":"C:\\Program Files\\Java\\jdk1.8.0_231\\jre\\lib\\jfr.jar","javadocContainerUrl":"https://docs.oracle.com/javase/1/docs/api/","isSystem":true,"isOwn":false,"isTest":false,"isJavaContent":false},{"kind":"binary","path":"C:\\Users\\TTMSOFT20\\.m2\\repository\\org\\springframework\\boot\\spring-boot-starter-data-jdbc\\2.2.4.RELEASE\\spring-boot-starter-data-jdbc-2.2.4.RELEASE.jar","sourceContainerUrl":"file:/C:/Users/TTMSOFT20/.m2/repository/org/springframework/boot/spring-boot-starter-data-jdbc/2.2.4.RELEASE/spring-boot-starter-data-jdbc-2.2.4.RELEASE-sources.jar","isSystem":false,"isOwn":false,"isTest":false,"isJavaContent":false},{"kind":"binary","path":"C:\\Users\\TTMSOFT20\\.m2\\repository\\org\\springframework\\data\\spring-data-jdbc\\1.1.4.RELEASE\\spring-data-jdbc-1.1.4.RELEASE.jar","sourceContainerUrl":"file:/C:/Users/TTMSOFT20/.m2/repository/org/springframework/data/spring-data-jdbc/1.1.4.RELEASE/spring-data-jdbc-1.1.4.RELEASE-sources.jar","javadocContainerUrl":"file:/C:/Users/TTMSOFT20/.m2/repository/org/springframework/data/spring-data-jdbc/1.1.4.RELEASE/spring-data-jdbc-1.1.4.RELEASE-javadoc.jar","isSystem":false,"isOwn":false,"isTest":false,"isJavaContent":false},{"kind":"binary","path":"C:\\Users\\TTMSOFT20\\.m2\\repository\\org\\springframework\\data\\spring-data-relational\\1.1.4.RELEASE\\spring-data-relational-1.1.4.RELEASE.jar","sourceContainerUrl":"file:/C:/Users/TTMSOFT20/.m2/repository/org/springframework/data/spring-data-relational/1.1.4.RELEASE/spring-data-relational-1.1.4.RELEASE-sources.jar","javadocContainerUrl":"file:/C:/Users/TTMSOFT20/.m2/repository/org/springframework/data/spring-data-relational/1.1.4.RELEASE/spring-data-relational-1.1.4.RELEASE-javadoc.jar","isSystem":false,"isOwn":false,"isTest":false,"isJavaContent":false},{"kind":"binary","path":"C:\\Users\\TTMSOFT20\\.m2\\repository\\org\\springframework\\data\\spring-data-commons\\2.2.4.RELEASE\\spring-data-commons-2.2.4.RELEASE.jar","sourceContainerUrl":"file:/C:/Users/TTMSOFT20/.m2/repository/org/springframework/data/spring-data-commons/2.2.4.RELEASE/spring-data-commons-2.2.4.RELEASE-sources.jar","javadocContainerUrl":"file:/C:/Users/TTMSOFT20/.m2/repository/org/springframework/data/spring-data-commons/2.2.4.RELEASE/spring-data-commons-2.2.4.RELEASE-javadoc.jar","isSystem":false,"isOwn":false,"isTest":false,"isJavaContent":false},{"kind":"binary","path":"C:\\Users\\TTMSOFT20\\.m2\\repository\\org\\springframework\\spring-tx\\5.2.3.RELEASE\\spring-tx-5.2.3.RELEASE.jar","sourceContainerUrl":"file:/C:/Users/TTMSOFT20/.m2/repository/org/springframework/spring-tx/5.2.3.RELEASE/spring-tx-5.2.3.RELEASE-sources.jar","javadocContainerUrl":"file:/C:/Users/TTMSOFT20/.m2/repository/org/springframework/spring-tx/5.2.3.RELEASE/spring-tx-5.2.3.RELEASE-javadoc.jar","isSystem":false,"isOwn":false,"isTest":false,"isJavaContent":false},{"kind":"binary","path":"C:\\Users\\TTMSOFT20\\.m2\\repository\\org\\springframework\\spring-context\\5.2.3.RELEASE\\spring-context-5.2.3.RELEASE.jar","sourceContainerUrl":"file:/C:/Users/TTMSOFT20/.m2/repository/org/springframework/spring-context/5.2.3.RELEASE/spring-context-5.2.3.RELEASE-sources.jar","javadocContainerUrl":"file:/C:/Users/TTMSOFT20/.m2/repository/org/springframework/spring-context/5.2.3.RELEASE/spring-context-5.2.3.RELEASE-javadoc.jar","isSystem":false,"isOwn":false,"isTest":false,"isJavaContent":false},{"kind":"binary","path":"C:\\Users\\TTMSOFT20\\.m2\\repository\\org\\springframework\\spring-beans\\5.2.3.RELEASE\\spring-beans-5.2.3.RELEASE.jar","sourceContainerUrl":"file:/C:/Users/TTMSOFT20/.m2/repository/org/springframework/spring-beans/5.2.3.RELEASE/spring-beans-5.2.3.RELEASE-sources.jar","javadocContainerUrl":"file:/C:/Users/TTMSOFT20/.m2/repository/org/springframework/spring-beans/5.2.3.RELEASE/spring-beans-5.2.3.RELEASE-javadoc.jar","isSystem":false,"isOwn":false,"isTest":false,"isJavaContent":false},{"kind":"binary","path":"C:\\Users\\TTMSOFT20\\.m2\\repository\\org\\springframework\\boot\\spring-boot-starter-jdbc\\2.2.4.RELEASE\\spring-boot-starter-jdbc-2.2.4.RELEASE.jar","sourceContainerUrl":"file:/C:/Users/TTMSOFT20/.m2/repository/org/springframework/boot/spring-boot-starter-jdbc/2.2.4.RELEASE/spring-boot-starter-jdbc-2.2.4.RELEASE-sources.jar","isSystem":false,"isOwn":false,"isTest":false,"isJavaContent":false},{"kind":"binary","path":"C:\\Users\\TTMSOFT20\\.m2\\repository\\org\\springframework\\boot\\spring-boot-starter\\2.2.4.RELEASE\\spring-boot-starter-2.2.4.RELEASE.jar","sourceContainerUrl":"file:/C:/Users/TTMSOFT20/.m2/repository/org/springframework/boot/spring-boot-starter/2.2.4.RELEASE/spring-boot-starter-2.2.4.RELEASE-sources.jar","isSystem":false,"isOwn":false,"isTest":false,"isJavaContent":false},{"kind":"binary","path":"C:\\Users\\TTMSOFT20\\.m2\\repository\\org\\springframework\\boot\\spring-boot-starter-logging\\2.2.4.RELEASE\\spring-boot-starter-logging-2.2.4.RELEASE.jar","sourceContainerUrl":"file:/C:/Users/TTMSOFT20/.m2/repository/org/springframework/boot/spring-boot-starter-logging/2.2.4.RELEASE/spring-boot-starter-logging-2.2.4.RELEASE-sources.jar","isSystem":false,"isOwn":false,"isTest":false,"isJavaContent":false},{"kind":"binary","path":"C:\\Users\\TTMSOFT20\\.m2\\repository\\ch\\qos\\logback\\logback-classic\\1.2.3\\logback-classic-1.2.3.jar","sourceContainerUrl":"file:/C:/Users/TTMSOFT20/.m2/repository/ch/qos/logback/logback-classic/1.2.3/logback-classic-1.2.3-sources.jar","javadocContainerUrl":"file:/C:/Users/TTMSOFT20/.m2/repository/ch/qos/logback/logback-classic/1.2.3/logback-classic-1.2.3-javadoc.jar","isSystem":false,"isOwn":false,"isTest":false,"isJavaContent":false},{"kind":"binary","path":"C:\\Users\\TTMSOFT20\\.m2\\repository\\ch\\qos\\logback\\logback-core\\1.2.3\\logback-core-1.2.3.jar","sourceContainerUrl":"file:/C:/Users/TTMSOFT20/.m2/repository/ch/qos/logback/logback-core/1.2.3/logback-core-1.2.3-sources.jar","javadocContainerUrl":"file:/C:/Users/TTMSOFT20/.m2/repository/ch/qos/logback/logback-core/1.2.3/logback-core-1.2.3-javadoc.jar","isSystem":false,"isOwn":false,"isTest":false,"isJavaContent":false},{"kind":"binary","path":"C:\\Users\\TTMSOFT20\\.m2\\repository\\org\\apache\\logging\\log4j\\log4j-to-slf4j\\2.12.1\\log4j-to-slf4j-2.12.1.jar","sourceContainerUrl":"file:/C:/Users/TTMSOFT20/.m2/repository/org/apache/logging/log4j/log4j-to-slf4j/2.12.1/log4j-to-slf4j-2.12.1-sources.jar","javadocContainerUrl":"file:/C:/Users/TTMSOFT20/.m2/repository/org/apache/logging/log4j/log4j-to-slf4j/2.12.1/log4j-to-slf4j-2.12.1-javadoc.jar","isSystem":false,"isOwn":false,"isTest":false,"isJavaContent":false},{"kind":"binary","path":"C:\\Users\\TTMSOFT20\\.m2\\repository\\org\\yaml\\snakeyaml\\1.25\\snakeyaml-1.25.jar","sourceContainerUrl":"file:/C:/Users/TTMSOFT20/.m2/repository/org/yaml/snakeyaml/1.25/snakeyaml-1.25-sources.jar","javadocContainerUrl":"file:/C:/Users/TTMSOFT20/.m2/repository/org/yaml/snakeyaml/1.25/snakeyaml-1.25-javadoc.jar","isSystem":false,"isOwn":false,"isTest":false,"isJavaContent":false},{"kind":"binary","path":"C:\\Users\\TTMSOFT20\\.m2\\repository\\com\\zaxxer\\HikariCP\\3.4.2\\HikariCP-3.4.2.jar","sourceContainerUrl":"file:/C:/Users/TTMSOFT20/.m2/repository/com/zaxxer/HikariCP/3.4.2/HikariCP-3.4.2-sources.jar","javadocContainerUrl":"file:/C:/Users/TTMSOFT20/.m2/repository/com/zaxxer/HikariCP/3.4.2/HikariCP-3.4.2-javadoc.jar","isSystem":false,"isOwn":false,"isTest":false,"isJavaContent":false},{"kind":"binary","path":"C:\\Users\\TTMSOFT20\\.m2\\repository\\org\\springframework\\spring-jdbc\\5.2.3.RELEASE\\spring-jdbc-5.2.3.RELEASE.jar","sourceContainerUrl":"file:/C:/Users/TTMSOFT20/.m2/repository/org/springframework/spring-jdbc/5.2.3.RELEASE/spring-jdbc-5.2.3.RELEASE-sources.jar","javadocContainerUrl":"file:/C:/Users/TTMSOFT20/.m2/repository/org/springframework/spring-jdbc/5.2.3.RELEASE/spring-jdbc-5.2.3.RELEASE-javadoc.jar","isSystem":false,"isOwn":false,"isTest":false,"isJavaContent":false},{"kind":"binary","path":"C:\\Users\\TTMSOFT20\\.m2\\repository\\org\\springframework\\boot\\spring-boot-starter-web\\2.2.4.RELEASE\\spring-boot-starter-web-2.2.4.RELEASE.jar","sourceContainerUrl":"file:/C:/Users/TTMSOFT20/.m2/repository/org/springframework/boot/spring-boot-starter-web/2.2.4.RELEASE/spring-boot-starter-web-2.2.4.RELEASE-sources.jar","isSystem":false,"isOwn":false,"isTest":false,"isJavaContent":false},{"kind":"binary","path":"C:\\Users\\TTMSOFT20\\.m2\\repository\\org\\springframework\\boot\\spring-boot-starter-json\\2.2.4.RELEASE\\spring-boot-starter-json-2.2.4.RELEASE.jar","sourceContainerUrl":"file:/C:/Users/TTMSOFT20/.m2/repository/org/springframework/boot/spring-boot-starter-json/2.2.4.RELEASE/spring-boot-starter-json-2.2.4.RELEASE-sources.jar","isSystem":false,"isOwn":false,"isTest":false,"isJavaContent":false},{"kind":"binary","path":"C:\\Users\\TTMSOFT20\\.m2\\repository\\com\\fasterxml\\jackson\\core\\jackson-databind\\2.10.2\\jackson-databind-2.10.2.jar","sourceContainerUrl":"file:/C:/Users/TTMSOFT20/.m2/repository/com/fasterxml/jackson/core/jackson-databind/2.10.2/jackson-databind-2.10.2-sources.jar","javadocContainerUrl":"file:/C:/Users/TTMSOFT20/.m2/repository/com/fasterxml/jackson/core/jackson-databind/2.10.2/jackson-databind-2.10.2-javadoc.jar","isSystem":false,"isOwn":false,"isTest":false,"isJavaContent":false},{"kind":"binary","path":"C:\\Users\\TTMSOFT20\\.m2\\repository\\com\\fasterxml\\jackson\\core\\jackson-annotations\\2.10.2\\jackson-annotations-2.10.2.jar","sourceContainerUrl":"file:/C:/Users/TTMSOFT20/.m2/repository/com/fasterxml/jackson/core/jackson-annotations/2.10.2/jackson-annotations-2.10.2-sources.jar","javadocContainerUrl":"file:/C:/Users/TTMSOFT20/.m2/repository/com/fasterxml/jackson/core/jackson-annotations/2.10.2/jackson-annotations-2.10.2-javadoc.jar","isSystem":false,"isOwn":false,"isTest":false,"isJavaContent":false},{"kind":"binary","path":"C:\\Users\\TTMSOFT20\\.m2\\repository\\com\\fasterxml\\jackson\\core\\jackson-core\\2.10.2\\jackson-core-2.10.2.jar","sourceContainerUrl":"file:/C:/Users/TTMSOFT20/.m2/repository/com/fasterxml/jackson/core/jackson-core/2.10.2/jackson-core-2.10.2-sources.jar","javadocContainerUrl":"file:/C:/Users/TTMSOFT20/.m2/repository/com/fasterxml/jackson/core/jackson-core/2.10.2/jackson-core-2.10.2-javadoc.jar","isSystem":false,"isOwn":false,"isTest":false,"isJavaContent":false},{"kind":"binary","path":"C:\\Users\\TTMSOFT20\\.m2\\repository\\com\\fasterxml\\jackson\\datatype\\jackson-datatype-jdk8\\2.10.2\\jackson-datatype-jdk8-2.10.2.jar","sourceContainerUrl":"file:/C:/Users/TTMSOFT20/.m2/repository/com/fasterxml/jackson/datatype/jackson-datatype-jdk8/2.10.2/jackson-datatype-jdk8-2.10.2-sources.jar","javadocContainerUrl":"file:/C:/Users/TTMSOFT20/.m2/repository/com/fasterxml/jackson/datatype/jackson-datatype-jdk8/2.10.2/jackson-datatype-jdk8-2.10.2-javadoc.jar","isSystem":false,"isOwn":false,"isTest":false,"isJavaContent":false},{"kind":"binary","path":"C:\\Users\\TTMSOFT20\\.m2\\repository\\com\\fasterxml\\jackson\\datatype\\jackson-datatype-jsr310\\2.10.2\\jackson-datatype-jsr310-2.10.2.jar","sourceContainerUrl":"file:/C:/Users/TTMSOFT20/.m2/repository/com/fasterxml/jackson/datatype/jackson-datatype-jsr310/2.10.2/jackson-datatype-jsr310-2.10.2-sources.jar","javadocContainerUrl":"file:/C:/Users/TTMSOFT20/.m2/repository/com/fasterxml/jackson/datatype/jackson-datatype-jsr310/2.10.2/jackson-datatype-jsr310-2.10.2-javadoc.jar","isSystem":false,"isOwn":false,"isTest":false,"isJavaContent":false},{"kind":"binary","path":"C:\\Users\\TTMSOFT20\\.m2\\repository\\com\\fasterxml\\jackson\\module\\jackson-module-parameter-names\\2.10.2\\jackson-module-parameter-names-2.10.2.jar","sourceContainerUrl":"file:/C:/Users/TTMSOFT20/.m2/repository/com/fasterxml/jackson/module/jackson-module-parameter-names/2.10.2/jackson-module-parameter-names-2.10.2-sources.jar","javadocContainerUrl":"file:/C:/Users/TTMSOFT20/.m2/repository/com/fasterxml/jackson/module/jackson-module-parameter-names/2.10.2/jackson-module-parameter-names-2.10.2-javadoc.jar","isSystem":false,"isOwn":false,"isTest":false,"isJavaContent":false},{"kind":"binary","path":"C:\\Users\\TTMSOFT20\\.m2\\repository\\org\\springframework\\boot\\spring-boot-starter-validation\\2.2.4.RELEASE\\spring-boot-starter-validation-2.2.4.RELEASE.jar","sourceContainerUrl":"file:/C:/Users/TTMSOFT20/.m2/repository/org/springframework/boot/spring-boot-starter-validation/2.2.4.RELEASE/spring-boot-starter-validation-2.2.4.RELEASE-sources.jar","isSystem":false,"isOwn":false,"isTest":false,"isJavaContent":false},{"kind":"binary","path":"C:\\Users\\TTMSOFT20\\.m2\\repository\\jakarta\\validation\\jakarta.validation-api\\2.0.2\\jakarta.validation-api-2.0.2.jar","sourceContainerUrl":"file:/C:/Users/TTMSOFT20/.m2/repository/jakarta/validation/jakarta.validation-api/2.0.2/jakarta.validation-api-2.0.2-sources.jar","javadocContainerUrl":"file:/C:/Users/TTMSOFT20/.m2/repository/jakarta/validation/jakarta.validation-api/2.0.2/jakarta.validation-api-2.0.2-javadoc.jar","isSystem":false,"isOwn":false,"isTest":false,"isJavaContent":false},{"kind":"binary","path":"C:\\Users\\TTMSOFT20\\.m2\\repository\\org\\hibernate\\validator\\hibernate-validator\\6.0.18.Final\\hibernate-validator-6.0.18.Final.jar","sourceContainerUrl":"file:/C:/Users/TTMSOFT20/.m2/repository/org/hibernate/validator/hibernate-validator/6.0.18.Final/hibernate-validator-6.0.18.Final-sources.jar","isSystem":false,"isOwn":false,"isTest":false,"isJavaContent":false},{"kind":"binary","path":"C:\\Users\\TTMSOFT20\\.m2\\repository\\org\\jboss\\logging\\jboss-logging\\3.4.1.Final\\jboss-logging-3.4.1.Final.jar","sourceContainerUrl":"file:/C:/Users/TTMSOFT20/.m2/repository/org/jboss/logging/jboss-logging/3.4.1.Final/jboss-logging-3.4.1.Final-sources.jar","javadocContainerUrl":"file:/C:/Users/TTMSOFT20/.m2/repository/org/jboss/logging/jboss-logging/3.4.1.Final/jboss-logging-3.4.1.Final-javadoc.jar","isSystem":false,"isOwn":false,"isTest":false,"isJavaContent":false},{"kind":"binary","path":"C:\\Users\\TTMSOFT20\\.m2\\repository\\com\\fasterxml\\classmate\\1.5.1\\classmate-1.5.1.jar","sourceContainerUrl":"file:/C:/Users/TTMSOFT20/.m2/repository/com/fasterxml/classmate/1.5.1/classmate-1.5.1-sources.jar","javadocContainerUrl":"file:/C:/Users/TTMSOFT20/.m2/repository/com/fasterxml/classmate/1.5.1/classmate-1.5.1-javadoc.jar","isSystem":false,"isOwn":false,"isTest":false,"isJavaContent":false},{"kind":"binary","path":"C:\\Users\\TTMSOFT20\\.m2\\repository\\org\\springframework\\spring-web\\5.2.3.RELEASE\\spring-web-5.2.3.RELEASE.jar","sourceContainerUrl":"file:/C:/Users/TTMSOFT20/.m2/repository/org/springframework/spring-web/5.2.3.RELEASE/spring-web-5.2.3.RELEASE-sources.jar","javadocContainerUrl":"file:/C:/Users/TTMSOFT20/.m2/repository/org/springframework/spring-web/5.2.3.RELEASE/spring-web-5.2.3.RELEASE-javadoc.jar","isSystem":false,"isOwn":false,"isTest":false,"isJavaContent":false},{"kind":"binary","path":"C:\\Users\\TTMSOFT20\\.m2\\repository\\org\\springframework\\spring-webmvc\\5.2.3.RELEASE\\spring-webmvc-5.2.3.RELEASE.jar","sourceContainerUrl":"file:/C:/Users/TTMSOFT20/.m2/repository/org/springframework/spring-webmvc/5.2.3.RELEASE/spring-webmvc-5.2.3.RELEASE-sources.jar","javadocContainerUrl":"file:/C:/Users/TTMSOFT20/.m2/repository/org/springframework/spring-webmvc/5.2.3.RELEASE/spring-webmvc-5.2.3.RELEASE-javadoc.jar","isSystem":false,"isOwn":false,"isTest":false,"isJavaContent":false},{"kind":"binary","path":"C:\\Users\\TTMSOFT20\\.m2\\repository\\org\\springframework\\spring-aop\\5.2.3.RELEASE\\spring-aop-5.2.3.RELEASE.jar","sourceContainerUrl":"file:/C:/Users/TTMSOFT20/.m2/repository/org/springframework/spring-aop/5.2.3.RELEASE/spring-aop-5.2.3.RELEASE-sources.jar","javadocContainerUrl":"file:/C:/Users/TTMSOFT20/.m2/repository/org/springframework/spring-aop/5.2.3.RELEASE/spring-aop-5.2.3.RELEASE-javadoc.jar","isSystem":false,"isOwn":false,"isTest":false,"isJavaContent":false},{"kind":"binary","path":"C:\\Users\\TTMSOFT20\\.m2\\repository\\org\\springframework\\spring-expression\\5.2.3.RELEASE\\spring-expression-5.2.3.RELEASE.jar","sourceContainerUrl":"file:/C:/Users/TTMSOFT20/.m2/repository/org/springframework/spring-expression/5.2.3.RELEASE/spring-expression-5.2.3.RELEASE-sources.jar","javadocContainerUrl":"file:/C:/Users/TTMSOFT20/.m2/repository/org/springframework/spring-expression/5.2.3.RELEASE/spring-expression-5.2.3.RELEASE-javadoc.jar","isSystem":false,"isOwn":false,"isTest":false,"isJavaContent":false},{"kind":"binary","path":"C:\\Users\\TTMSOFT20\\.m2\\repository\\org\\mybatis\\spring\\boot\\mybatis-spring-boot-starter\\2.1.1\\mybatis-spring-boot-starter-2.1.1.jar","isSystem":false,"isOwn":false,"isTest":false,"isJavaContent":false},{"kind":"binary","path":"C:\\Users\\TTMSOFT20\\.m2\\repository\\org\\mybatis\\spring\\boot\\mybatis-spring-boot-autoconfigure\\2.1.1\\mybatis-spring-boot-autoconfigure-2.1.1.jar","sourceContainerUrl":"file:/C:/Users/TTMSOFT20/.m2/repository/org/mybatis/spring/boot/mybatis-spring-boot-autoconfigure/2.1.1/mybatis-spring-boot-autoconfigure-2.1.1-sources.jar","javadocContainerUrl":"file:/C:/Users/TTMSOFT20/.m2/repository/org/mybatis/spring/boot/mybatis-spring-boot-autoconfigure/2.1.1/mybatis-spring-boot-autoconfigure-2.1.1-javadoc.jar","isSystem":false,"isOwn":false,"isTest":false,"isJavaContent":false},{"kind":"binary","path":"C:\\Users\\TTMSOFT20\\.m2\\repository\\org\\mybatis\\mybatis\\3.5.3\\mybatis-3.5.3.jar","sourceContainerUrl":"file:/C:/Users/TTMSOFT20/.m2/repository/org/mybatis/mybatis/3.5.3/mybatis-3.5.3-sources.jar","javadocContainerUrl":"file:/C:/Users/TTMSOFT20/.m2/repository/org/mybatis/mybatis/3.5.3/mybatis-3.5.3-javadoc.jar","isSystem":false,"isOwn":false,"isTest":false,"isJavaContent":false},{"kind":"binary","path":"C:\\Users\\TTMSOFT20\\.m2\\repository\\org\\mybatis\\mybatis-spring\\2.0.3\\mybatis-spring-2.0.3.jar","sourceContainerUrl":"file:/C:/Users/TTMSOFT20/.m2/repository/org/mybatis/mybatis-spring/2.0.3/mybatis-spring-2.0.3-sources.jar","javadocContainerUrl":"file:/C:/Users/TTMSOFT20/.m2/repository/org/mybatis/mybatis-spring/2.0.3/mybatis-spring-2.0.3-javadoc.jar","isSystem":false,"isOwn":false,"isTest":false,"isJavaContent":false},{"kind":"binary","path":"C:\\Users\\TTMSOFT20\\.m2\\repository\\org\\springframework\\boot\\spring-boot-starter-log4j2\\2.2.4.RELEASE\\spring-boot-starter-log4j2-2.2.4.RELEASE.jar","sourceContainerUrl":"file:/C:/Users/TTMSOFT20/.m2/repository/org/springframework/boot/spring-boot-starter-log4j2/2.2.4.RELEASE/spring-boot-starter-log4j2-2.2.4.RELEASE-sources.jar","isSystem":false,"isOwn":false,"isTest":false,"isJavaContent":false},{"kind":"binary","path":"C:\\Users\\TTMSOFT20\\.m2\\repository\\org\\apache\\logging\\log4j\\log4j-slf4j-impl\\2.12.1\\log4j-slf4j-impl-2.12.1.jar","sourceContainerUrl":"file:/C:/Users/TTMSOFT20/.m2/repository/org/apache/logging/log4j/log4j-slf4j-impl/2.12.1/log4j-slf4j-impl-2.12.1-sources.jar","javadocContainerUrl":"file:/C:/Users/TTMSOFT20/.m2/repository/org/apache/logging/log4j/log4j-slf4j-impl/2.12.1/log4j-slf4j-impl-2.12.1-javadoc.jar","isSystem":false,"isOwn":false,"isTest":false,"isJavaContent":false},{"kind":"binary","path":"C:\\Users\\TTMSOFT20\\.m2\\repository\\org\\apache\\logging\\log4j\\log4j-api\\2.12.1\\log4j-api-2.12.1.jar","sourceContainerUrl":"file:/C:/Users/TTMSOFT20/.m2/repository/org/apache/logging/log4j/log4j-api/2.12.1/log4j-api-2.12.1-sources.jar","javadocContainerUrl":"file:/C:/Users/TTMSOFT20/.m2/repository/org/apache/logging/log4j/log4j-api/2.12.1/log4j-api-2.12.1-javadoc.jar","isSystem":false,"isOwn":false,"isTest":false,"isJavaContent":false},{"kind":"binary","path":"C:\\Users\\TTMSOFT20\\.m2\\repository\\org\\apache\\logging\\log4j\\log4j-core\\2.12.1\\log4j-core-2.12.1.jar","sourceContainerUrl":"file:/C:/Users/TTMSOFT20/.m2/repository/org/apache/logging/log4j/log4j-core/2.12.1/log4j-core-2.12.1-sources.jar","javadocContainerUrl":"file:/C:/Users/TTMSOFT20/.m2/repository/org/apache/logging/log4j/log4j-core/2.12.1/log4j-core-2.12.1-javadoc.jar","isSystem":false,"isOwn":false,"isTest":false,"isJavaContent":false},{"kind":"binary","path":"C:\\Users\\TTMSOFT20\\.m2\\repository\\org\\apache\\logging\\log4j\\log4j-jul\\2.12.1\\log4j-jul-2.12.1.jar","sourceContainerUrl":"file:/C:/Users/TTMSOFT20/.m2/repository/org/apache/logging/log4j/log4j-jul/2.12.1/log4j-jul-2.12.1-sources.jar","javadocContainerUrl":"file:/C:/Users/TTMSOFT20/.m2/repository/org/apache/logging/log4j/log4j-jul/2.12.1/log4j-jul-2.12.1-javadoc.jar","isSystem":false,"isOwn":false,"isTest":false,"isJavaContent":false},{"kind":"binary","path":"C:\\Users\\TTMSOFT20\\.m2\\repository\\org\\slf4j\\jul-to-slf4j\\1.7.30\\jul-to-slf4j-1.7.30.jar","sourceContainerUrl":"file:/C:/Users/TTMSOFT20/.m2/repository/org/slf4j/jul-to-slf4j/1.7.30/jul-to-slf4j-1.7.30-sources.jar","javadocContainerUrl":"file:/C:/Users/TTMSOFT20/.m2/repository/org/slf4j/jul-to-slf4j/1.7.30/jul-to-slf4j-1.7.30-javadoc.jar","isSystem":false,"isOwn":false,"isTest":false,"isJavaContent":false},{"kind":"binary","path":"C:\\Users\\TTMSOFT20\\.m2\\repository\\org\\bgee\\log4jdbc-log4j2\\log4jdbc-log4j2-jdbc4.1\\1.16\\log4jdbc-log4j2-jdbc4.1-1.16.jar","sourceContainerUrl":"file:/C:/Users/TTMSOFT20/.m2/repository/org/bgee/log4jdbc-log4j2/log4jdbc-log4j2-jdbc4.1/1.16/log4jdbc-log4j2-jdbc4.1-1.16-sources.jar","javadocContainerUrl":"file:/C:/Users/TTMSOFT20/.m2/repository/org/bgee/log4jdbc-log4j2/log4jdbc-log4j2-jdbc4.1/1.16/log4jdbc-log4j2-jdbc4.1-1.16-javadoc.jar","isSystem":false,"isOwn":false,"isTest":false,"isJavaContent":false},{"kind":"binary","path":"C:\\Users\\TTMSOFT20\\.m2\\repository\\org\\springframework\\boot\\spring-boot-devtools\\2.2.4.RELEASE\\spring-boot-devtools-2.2.4.RELEASE.jar","sourceContainerUrl":"file:/C:/Users/TTMSOFT20/.m2/repository/org/springframework/boot/spring-boot-devtools/2.2.4.RELEASE/spring-boot-devtools-2.2.4.RELEASE-sources.jar","javadocContainerUrl":"file:/C:/Users/TTMSOFT20/.m2/repository/org/springframework/boot/spring-boot-devtools/2.2.4.RELEASE/spring-boot-devtools-2.2.4.RELEASE-javadoc.jar","isSystem":false,"isOwn":false,"isTest":false,"isJavaContent":false},{"kind":"binary","path":"C:\\Users\\TTMSOFT20\\.m2\\repository\\org\\springframework\\boot\\spring-boot\\2.2.4.RELEASE\\spring-boot-2.2.4.RELEASE.jar","sourceContainerUrl":"file:/C:/Users/TTMSOFT20/.m2/repository/org/springframework/boot/spring-boot/2.2.4.RELEASE/spring-boot-2.2.4.RELEASE-sources.jar","javadocContainerUrl":"file:/C:/Users/TTMSOFT20/.m2/repository/org/springframework/boot/spring-boot/2.2.4.RELEASE/spring-boot-2.2.4.RELEASE-javadoc.jar","isSystem":false,"isOwn":false,"isTest":false,"isJavaContent":false},{"kind":"binary","path":"C:\\Users\\TTMSOFT20\\.m2\\repository\\org\\springframework\\boot\\spring-boot-autoconfigure\\2.2.4.RELEASE\\spring-boot-autoconfigure-2.2.4.RELEASE.jar","sourceContainerUrl":"file:/C:/Users/TTMSOFT20/.m2/repository/org/springframework/boot/spring-boot-autoconfigure/2.2.4.RELEASE/spring-boot-autoconfigure-2.2.4.RELEASE-sources.jar","javadocContainerUrl":"file:/C:/Users/TTMSOFT20/.m2/repository/org/springframework/boot/spring-boot-autoconfigure/2.2.4.RELEASE/spring-boot-autoconfigure-2.2.4.RELEASE-javadoc.jar","isSystem":false,"isOwn":false,"isTest":false,"isJavaContent":false},{"kind":"binary","path":"C:\\Users\\TTMSOFT20\\.m2\\repository\\com\\microsoft\\sqlserver\\mssql-jdbc\\7.4.1.jre8\\mssql-jdbc-7.4.1.jre8.jar","sourceContainerUrl":"file:/C:/Users/TTMSOFT20/.m2/repository/com/microsoft/sqlserver/mssql-jdbc/7.4.1.jre8/mssql-jdbc-7.4.1.jre8-sources.jar","javadocContainerUrl":"file:/C:/Users/TTMSOFT20/.m2/repository/com/microsoft/sqlserver/mssql-jdbc/7.4.1.jre8/mssql-jdbc-7.4.1.jre8-javadoc.jar","isSystem":false,"isOwn":false,"isTest":false,"isJavaContent":false},{"kind":"binary","path":"C:\\Users\\TTMSOFT20\\.m2\\repository\\org\\springframework\\boot\\spring-boot-configuration-processor\\2.2.4.RELEASE\\spring-boot-configuration-processor-2.2.4.RELEASE.jar","sourceContainerUrl":"file:/C:/Users/TTMSOFT20/.m2/repository/org/springframework/boot/spring-boot-configuration-processor/2.2.4.RELEASE/spring-boot-configuration-processor-2.2.4.RELEASE-sources.jar","javadocContainerUrl":"file:/C:/Users/TTMSOFT20/.m2/repository/org/springframework/boot/spring-boot-configuration-processor/2.2.4.RELEASE/spring-boot-configuration-processor-2.2.4.RELEASE-javadoc.jar","isSystem":false,"isOwn":false,"isTest":false,"isJavaContent":false},{"kind":"binary","path":"C:\\Users\\TTMSOFT20\\.m2\\repository\\org\\projectlombok\\lombok\\1.18.10\\lombok-1.18.10.jar","sourceContainerUrl":"file:/C:/Users/TTMSOFT20/.m2/repository/org/projectlombok/lombok/1.18.10/lombok-1.18.10-sources.jar","javadocContainerUrl":"file:/C:/Users/TTMSOFT20/.m2/repository/org/projectlombok/lombok/1.18.10/lombok-1.18.10-javadoc.jar","isSystem":false,"isOwn":false,"isTest":false,"isJavaContent":false},{"kind":"binary","path":"C:\\Users\\TTMSOFT20\\.m2\\repository\\org\\springframework\\boot\\spring-boot-starter-tomcat\\2.2.4.RELEASE\\spring-boot-starter-tomcat-2.2.4.RELEASE.jar","sourceContainerUrl":"file:/C:/Users/TTMSOFT20/.m2/repository/org/springframework/boot/spring-boot-starter-tomcat/2.2.4.RELEASE/spring-boot-starter-tomcat-2.2.4.RELEASE-sources.jar","isSystem":false,"isOwn":false,"isTest":false,"isJavaContent":false},{"kind":"binary","path":"C:\\Users\\TTMSOFT20\\.m2\\repository\\jakarta\\annotation\\jakarta.annotation-api\\1.3.5\\jakarta.annotation-api-1.3.5.jar","sourceContainerUrl":"file:/C:/Users/TTMSOFT20/.m2/repository/jakarta/annotation/jakarta.annotation-api/1.3.5/jakarta.annotation-api-1.3.5-sources.jar","javadocContainerUrl":"file:/C:/Users/TTMSOFT20/.m2/repository/jakarta/annotation/jakarta.annotation-api/1.3.5/jakarta.annotation-api-1.3.5-javadoc.jar","isSystem":false,"isOwn":false,"isTest":false,"isJavaContent":false},{"kind":"binary","path":"C:\\Users\\TTMSOFT20\\.m2\\repository\\org\\apache\\tomcat\\embed\\tomcat-embed-core\\9.0.30\\tomcat-embed-core-9.0.30.jar","sourceContainerUrl":"file:/C:/Users/TTMSOFT20/.m2/repository/org/apache/tomcat/embed/tomcat-embed-core/9.0.30/tomcat-embed-core-9.0.30-sources.jar","isSystem":false,"isOwn":false,"isTest":false,"isJavaContent":false},{"kind":"binary","path":"C:\\Users\\TTMSOFT20\\.m2\\repository\\org\\apache\\tomcat\\embed\\tomcat-embed-el\\9.0.30\\tomcat-embed-el-9.0.30.jar","sourceContainerUrl":"file:/C:/Users/TTMSOFT20/.m2/repository/org/apache/tomcat/embed/tomcat-embed-el/9.0.30/tomcat-embed-el-9.0.30-sources.jar","isSystem":false,"isOwn":false,"isTest":false,"isJavaContent":false},{"kind":"binary","path":"C:\\Users\\TTMSOFT20\\.m2\\repository\\org\\apache\\tomcat\\embed\\tomcat-embed-websocket\\9.0.30\\tomcat-embed-websocket-9.0.30.jar","sourceContainerUrl":"file:/C:/Users/TTMSOFT20/.m2/repository/org/apache/tomcat/embed/tomcat-embed-websocket/9.0.30/tomcat-embed-websocket-9.0.30-sources.jar","isSystem":false,"isOwn":false,"isTest":false,"isJavaContent":false},{"kind":"binary","path":"C:\\Users\\TTMSOFT20\\.m2\\repository\\org\\springframework\\boot\\spring-boot-starter-test\\2.2.4.RELEASE\\spring-boot-starter-test-2.2.4.RELEASE.jar","sourceContainerUrl":"file:/C:/Users/TTMSOFT20/.m2/repository/org/springframework/boot/spring-boot-starter-test/2.2.4.RELEASE/spring-boot-starter-test-2.2.4.RELEASE-sources.jar","isSystem":false,"isOwn":false,"isTest":false,"isJavaContent":false},{"kind":"binary","path":"C:\\Users\\TTMSOFT20\\.m2\\repository\\org\\springframework\\boot\\spring-boot-test\\2.2.4.RELEASE\\spring-boot-test-2.2.4.RELEASE.jar","sourceContainerUrl":"file:/C:/Users/TTMSOFT20/.m2/repository/org/springframework/boot/spring-boot-test/2.2.4.RELEASE/spring-boot-test-2.2.4.RELEASE-sources.jar","javadocContainerUrl":"file:/C:/Users/TTMSOFT20/.m2/repository/org/springframework/boot/spring-boot-test/2.2.4.RELEASE/spring-boot-test-2.2.4.RELEASE-javadoc.jar","isSystem":false,"isOwn":false,"isTest":false,"isJavaContent":false},{"kind":"binary","path":"C:\\Users\\TTMSOFT20\\.m2\\repository\\org\\springframework\\boot\\spring-boot-test-autoconfigure\\2.2.4.RELEASE\\spring-boot-test-autoconfigure-2.2.4.RELEASE.jar","sourceContainerUrl":"file:/C:/Users/TTMSOFT20/.m2/repository/org/springframework/boot/spring-boot-test-autoconfigure/2.2.4.RELEASE/spring-boot-test-autoconfigure-2.2.4.RELEASE-sources.jar","javadocContainerUrl":"file:/C:/Users/TTMSOFT20/.m2/repository/org/springframework/boot/spring-boot-test-autoconfigure/2.2.4.RELEASE/spring-boot-test-autoconfigure-2.2.4.RELEASE-javadoc.jar","isSystem":false,"isOwn":false,"isTest":false,"isJavaContent":false},{"kind":"binary","path":"C:\\Users\\TTMSOFT20\\.m2\\repository\\com\\jayway\\jsonpath\\json-path\\2.4.0\\json-path-2.4.0.jar","sourceContainerUrl":"file:/C:/Users/TTMSOFT20/.m2/repository/com/jayway/jsonpath/json-path/2.4.0/json-path-2.4.0-sources.jar","javadocContainerUrl":"file:/C:/Users/TTMSOFT20/.m2/repository/com/jayway/jsonpath/json-path/2.4.0/json-path-2.4.0-javadoc.jar","isSystem":false,"isOwn":false,"isTest":false,"isJavaContent":false},{"kind":"binary","path":"C:\\Users\\TTMSOFT20\\.m2\\repository\\net\\minidev\\json-smart\\2.3\\json-smart-2.3.jar","sourceContainerUrl":"file:/C:/Users/TTMSOFT20/.m2/repository/net/minidev/json-smart/2.3/json-smart-2.3-sources.jar","javadocContainerUrl":"file:/C:/Users/TTMSOFT20/.m2/repository/net/minidev/json-smart/2.3/json-smart-2.3-javadoc.jar","isSystem":false,"isOwn":false,"isTest":false,"isJavaContent":false},{"kind":"binary","path":"C:\\Users\\TTMSOFT20\\.m2\\repository\\net\\minidev\\accessors-smart\\1.2\\accessors-smart-1.2.jar","sourceContainerUrl":"file:/C:/Users/TTMSOFT20/.m2/repository/net/minidev/accessors-smart/1.2/accessors-smart-1.2-sources.jar","javadocContainerUrl":"file:/C:/Users/TTMSOFT20/.m2/repository/net/minidev/accessors-smart/1.2/accessors-smart-1.2-javadoc.jar","isSystem":false,"isOwn":false,"isTest":false,"isJavaContent":false},{"kind":"binary","path":"C:\\Users\\TTMSOFT20\\.m2\\repository\\org\\ow2\\asm\\asm\\5.0.4\\asm-5.0.4.jar","sourceContainerUrl":"file:/C:/Users/TTMSOFT20/.m2/repository/org/ow2/asm/asm/5.0.4/asm-5.0.4-sources.jar","javadocContainerUrl":"file:/C:/Users/TTMSOFT20/.m2/repository/org/ow2/asm/asm/5.0.4/asm-5.0.4-javadoc.jar","isSystem":false,"isOwn":false,"isTest":false,"isJavaContent":false},{"kind":"binary","path":"C:\\Users\\TTMSOFT20\\.m2\\repository\\jakarta\\xml\\bind\\jakarta.xml.bind-api\\2.3.2\\jakarta.xml.bind-api-2.3.2.jar","sourceContainerUrl":"file:/C:/Users/TTMSOFT20/.m2/repository/jakarta/xml/bind/jakarta.xml.bind-api/2.3.2/jakarta.xml.bind-api-2.3.2-sources.jar","javadocContainerUrl":"file:/C:/Users/TTMSOFT20/.m2/repository/jakarta/xml/bind/jakarta.xml.bind-api/2.3.2/jakarta.xml.bind-api-2.3.2-javadoc.jar","isSystem":false,"isOwn":false,"isTest":false,"isJavaContent":false},{"kind":"binary","path":"C:\\Users\\TTMSOFT20\\.m2\\repository\\jakarta\\activation\\jakarta.activation-api\\1.2.1\\jakarta.activation-api-1.2.1.jar","sourceContainerUrl":"file:/C:/Users/TTMSOFT20/.m2/repository/jakarta/activation/jakarta.activation-api/1.2.1/jakarta.activation-api-1.2.1-sources.jar","javadocContainerUrl":"file:/C:/Users/TTMSOFT20/.m2/repository/jakarta/activation/jakarta.activation-api/1.2.1/jakarta.activation-api-1.2.1-javadoc.jar","isSystem":false,"isOwn":false,"isTest":false,"isJavaContent":false},{"kind":"binary","path":"C:\\Users\\TTMSOFT20\\.m2\\repository\\org\\junit\\jupiter\\junit-jupiter\\5.5.2\\junit-jupiter-5.5.2.jar","sourceContainerUrl":"file:/C:/Users/TTMSOFT20/.m2/repository/org/junit/jupiter/junit-jupiter/5.5.2/junit-jupiter-5.5.2-sources.jar","javadocContainerUrl":"file:/C:/Users/TTMSOFT20/.m2/repository/org/junit/jupiter/junit-jupiter/5.5.2/junit-jupiter-5.5.2-javadoc.jar","isSystem":false,"isOwn":false,"isTest":false,"isJavaContent":false},{"kind":"binary","path":"C:\\Users\\TTMSOFT20\\.m2\\repository\\org\\junit\\jupiter\\junit-jupiter-api\\5.5.2\\junit-jupiter-api-5.5.2.jar","sourceContainerUrl":"file:/C:/Users/TTMSOFT20/.m2/repository/org/junit/jupiter/junit-jupiter-api/5.5.2/junit-jupiter-api-5.5.2-sources.jar","javadocContainerUrl":"file:/C:/Users/TTMSOFT20/.m2/repository/org/junit/jupiter/junit-jupiter-api/5.5.2/junit-jupiter-api-5.5.2-javadoc.jar","isSystem":false,"isOwn":false,"isTest":false,"isJavaContent":false},{"kind":"binary","path":"C:\\Users\\TTMSOFT20\\.m2\\repository\\org\\apiguardian\\apiguardian-api\\1.1.0\\apiguardian-api-1.1.0.jar","sourceContainerUrl":"file:/C:/Users/TTMSOFT20/.m2/repository/org/apiguardian/apiguardian-api/1.1.0/apiguardian-api-1.1.0-sources.jar","javadocContainerUrl":"file:/C:/Users/TTMSOFT20/.m2/repository/org/apiguardian/apiguardian-api/1.1.0/apiguardian-api-1.1.0-javadoc.jar","isSystem":false,"isOwn":false,"isTest":false,"isJavaContent":false},{"kind":"binary","path":"C:\\Users\\TTMSOFT20\\.m2\\repository\\org\\opentest4j\\opentest4j\\1.2.0\\opentest4j-1.2.0.jar","sourceContainerUrl":"file:/C:/Users/TTMSOFT20/.m2/repository/org/opentest4j/opentest4j/1.2.0/opentest4j-1.2.0-sources.jar","javadocContainerUrl":"file:/C:/Users/TTMSOFT20/.m2/repository/org/opentest4j/opentest4j/1.2.0/opentest4j-1.2.0-javadoc.jar","isSystem":false,"isOwn":false,"isTest":false,"isJavaContent":false},{"kind":"binary","path":"C:\\Users\\TTMSOFT20\\.m2\\repository\\org\\junit\\platform\\junit-platform-commons\\1.5.2\\junit-platform-commons-1.5.2.jar","sourceContainerUrl":"file:/C:/Users/TTMSOFT20/.m2/repository/org/junit/platform/junit-platform-commons/1.5.2/junit-platform-commons-1.5.2-sources.jar","javadocContainerUrl":"file:/C:/Users/TTMSOFT20/.m2/repository/org/junit/platform/junit-platform-commons/1.5.2/junit-platform-commons-1.5.2-javadoc.jar","isSystem":false,"isOwn":false,"isTest":false,"isJavaContent":false},{"kind":"binary","path":"C:\\Users\\TTMSOFT20\\.m2\\repository\\org\\junit\\jupiter\\junit-jupiter-params\\5.5.2\\junit-jupiter-params-5.5.2.jar","sourceContainerUrl":"file:/C:/Users/TTMSOFT20/.m2/repository/org/junit/jupiter/junit-jupiter-params/5.5.2/junit-jupiter-params-5.5.2-sources.jar","javadocContainerUrl":"file:/C:/Users/TTMSOFT20/.m2/repository/org/junit/jupiter/junit-jupiter-params/5.5.2/junit-jupiter-params-5.5.2-javadoc.jar","isSystem":false,"isOwn":false,"isTest":false,"isJavaContent":false},{"kind":"binary","path":"C:\\Users\\TTMSOFT20\\.m2\\repository\\org\\junit\\jupiter\\junit-jupiter-engine\\5.5.2\\junit-jupiter-engine-5.5.2.jar","sourceContainerUrl":"file:/C:/Users/TTMSOFT20/.m2/repository/org/junit/jupiter/junit-jupiter-engine/5.5.2/junit-jupiter-engine-5.5.2-sources.jar","javadocContainerUrl":"file:/C:/Users/TTMSOFT20/.m2/repository/org/junit/jupiter/junit-jupiter-engine/5.5.2/junit-jupiter-engine-5.5.2-javadoc.jar","isSystem":false,"isOwn":false,"isTest":false,"isJavaContent":false},{"kind":"binary","path":"C:\\Users\\TTMSOFT20\\.m2\\repository\\org\\junit\\platform\\junit-platform-engine\\1.5.2\\junit-platform-engine-1.5.2.jar","sourceContainerUrl":"file:/C:/Users/TTMSOFT20/.m2/repository/org/junit/platform/junit-platform-engine/1.5.2/junit-platform-engine-1.5.2-sources.jar","javadocContainerUrl":"file:/C:/Users/TTMSOFT20/.m2/repository/org/junit/platform/junit-platform-engine/1.5.2/junit-platform-engine-1.5.2-javadoc.jar","isSystem":false,"isOwn":false,"isTest":false,"isJavaContent":false},{"kind":"binary","path":"C:\\Users\\TTMSOFT20\\.m2\\repository\\org\\mockito\\mockito-junit-jupiter\\3.1.0\\mockito-junit-jupiter-3.1.0.jar","sourceContainerUrl":"file:/C:/Users/TTMSOFT20/.m2/repository/org/mockito/mockito-junit-jupiter/3.1.0/mockito-junit-jupiter-3.1.0-sources.jar","javadocContainerUrl":"file:/C:/Users/TTMSOFT20/.m2/repository/org/mockito/mockito-junit-jupiter/3.1.0/mockito-junit-jupiter-3.1.0-javadoc.jar","isSystem":false,"isOwn":false,"isTest":false,"isJavaContent":false},{"kind":"binary","path":"C:\\Users\\TTMSOFT20\\.m2\\repository\\org\\assertj\\assertj-core\\3.13.2\\assertj-core-3.13.2.jar","sourceContainerUrl":"file:/C:/Users/TTMSOFT20/.m2/repository/org/assertj/assertj-core/3.13.2/assertj-core-3.13.2-sources.jar","javadocContainerUrl":"file:/C:/Users/TTMSOFT20/.m2/repository/org/assertj/assertj-core/3.13.2/assertj-core-3.13.2-javadoc.jar","isSystem":false,"isOwn":false,"isTest":false,"isJavaContent":false},{"kind":"binary","path":"C:\\Users\\TTMSOFT20\\.m2\\repository\\org\\hamcrest\\hamcrest\\2.1\\hamcrest-2.1.jar","sourceContainerUrl":"file:/C:/Users/TTMSOFT20/.m2/repository/org/hamcrest/hamcrest/2.1/hamcrest-2.1-sources.jar","javadocContainerUrl":"file:/C:/Users/TTMSOFT20/.m2/repository/org/hamcrest/hamcrest/2.1/hamcrest-2.1-javadoc.jar","isSystem":false,"isOwn":false,"isTest":false,"isJavaContent":false},{"kind":"binary","path":"C:\\Users\\TTMSOFT20\\.m2\\repository\\org\\mockito\\mockito-core\\3.1.0\\mockito-core-3.1.0.jar","sourceContainerUrl":"file:/C:/Users/TTMSOFT20/.m2/repository/org/mockito/mockito-core/3.1.0/mockito-core-3.1.0-sources.jar","javadocContainerUrl":"file:/C:/Users/TTMSOFT20/.m2/repository/org/mockito/mockito-core/3.1.0/mockito-core-3.1.0-javadoc.jar","isSystem":false,"isOwn":false,"isTest":false,"isJavaContent":false},{"kind":"binary","path":"C:\\Users\\TTMSOFT20\\.m2\\repository\\net\\bytebuddy\\byte-buddy\\1.10.6\\byte-buddy-1.10.6.jar","sourceContainerUrl":"file:/C:/Users/TTMSOFT20/.m2/repository/net/bytebuddy/byte-buddy/1.10.6/byte-buddy-1.10.6-sources.jar","javadocContainerUrl":"file:/C:/Users/TTMSOFT20/.m2/repository/net/bytebuddy/byte-buddy/1.10.6/byte-buddy-1.10.6-javadoc.jar","isSystem":false,"isOwn":false,"isTest":false,"isJavaContent":false},{"kind":"binary","path":"C:\\Users\\TTMSOFT20\\.m2\\repository\\net\\bytebuddy\\byte-buddy-agent\\1.10.6\\byte-buddy-agent-1.10.6.jar","sourceContainerUrl":"file:/C:/Users/TTMSOFT20/.m2/repository/net/bytebuddy/byte-buddy-agent/1.10.6/byte-buddy-agent-1.10.6-sources.jar","javadocContainerUrl":"file:/C:/Users/TTMSOFT20/.m2/repository/net/bytebuddy/byte-buddy-agent/1.10.6/byte-buddy-agent-1.10.6-javadoc.jar","isSystem":false,"isOwn":false,"isTest":false,"isJavaContent":false},{"kind":"binary","path":"C:\\Users\\TTMSOFT20\\.m2\\repository\\org\\objenesis\\objenesis\\2.6\\objenesis-2.6.jar","sourceContainerUrl":"file:/C:/Users/TTMSOFT20/.m2/repository/org/objenesis/objenesis/2.6/objenesis-2.6-sources.jar","javadocContainerUrl":"file:/C:/Users/TTMSOFT20/.m2/repository/org/objenesis/objenesis/2.6/objenesis-2.6-javadoc.jar","isSystem":false,"isOwn":false,"isTest":false,"isJavaContent":false},{"kind":"binary","path":"C:\\Users\\TTMSOFT20\\.m2\\repository\\org\\skyscreamer\\jsonassert\\1.5.0\\jsonassert-1.5.0.jar","sourceContainerUrl":"file:/C:/Users/TTMSOFT20/.m2/repository/org/skyscreamer/jsonassert/1.5.0/jsonassert-1.5.0-sources.jar","javadocContainerUrl":"file:/C:/Users/TTMSOFT20/.m2/repository/org/skyscreamer/jsonassert/1.5.0/jsonassert-1.5.0-javadoc.jar","isSystem":false,"isOwn":false,"isTest":false,"isJavaContent":false},{"kind":"binary","path":"C:\\Users\\TTMSOFT20\\.m2\\repository\\com\\vaadin\\external\\google\\android-json\\0.0.20131108.vaadin1\\android-json-0.0.20131108.vaadin1.jar","sourceContainerUrl":"file:/C:/Users/TTMSOFT20/.m2/repository/com/vaadin/external/google/android-json/0.0.20131108.vaadin1/android-json-0.0.20131108.vaadin1-sources.jar","javadocContainerUrl":"file:/C:/Users/TTMSOFT20/.m2/repository/com/vaadin/external/google/android-json/0.0.20131108.vaadin1/android-json-0.0.20131108.vaadin1-javadoc.jar","isSystem":false,"isOwn":false,"isTest":false,"isJavaContent":false},{"kind":"binary","path":"C:\\Users\\TTMSOFT20\\.m2\\repository\\org\\springframework\\spring-core\\5.2.3.RELEASE\\spring-core-5.2.3.RELEASE.jar","sourceContainerUrl":"file:/C:/Users/TTMSOFT20/.m2/repository/org/springframework/spring-core/5.2.3.RELEASE/spring-core-5.2.3.RELEASE-sources.jar","javadocContainerUrl":"file:/C:/Users/TTMSOFT20/.m2/repository/org/springframework/spring-core/5.2.3.RELEASE/spring-core-5.2.3.RELEASE-javadoc.jar","isSystem":false,"isOwn":false,"isTest":false,"isJavaContent":false},{"kind":"binary","path":"C:\\Users\\TTMSOFT20\\.m2\\repository\\org\\springframework\\spring-jcl\\5.2.3.RELEASE\\spring-jcl-5.2.3.RELEASE.jar","sourceContainerUrl":"file:/C:/Users/TTMSOFT20/.m2/repository/org/springframework/spring-jcl/5.2.3.RELEASE/spring-jcl-5.2.3.RELEASE-sources.jar","javadocContainerUrl":"file:/C:/Users/TTMSOFT20/.m2/repository/org/springframework/spring-jcl/5.2.3.RELEASE/spring-jcl-5.2.3.RELEASE-javadoc.jar","isSystem":false,"isOwn":false,"isTest":false,"isJavaContent":false},{"kind":"binary","path":"C:\\Users\\TTMSOFT20\\.m2\\repository\\org\\springframework\\spring-test\\5.2.3.RELEASE\\spring-test-5.2.3.RELEASE.jar","sourceContainerUrl":"file:/C:/Users/TTMSOFT20/.m2/repository/org/springframework/spring-test/5.2.3.RELEASE/spring-test-5.2.3.RELEASE-sources.jar","javadocContainerUrl":"file:/C:/Users/TTMSOFT20/.m2/repository/org/springframework/spring-test/5.2.3.RELEASE/spring-test-5.2.3.RELEASE-javadoc.jar","isSystem":false,"isOwn":false,"isTest":false,"isJavaContent":false},{"kind":"binary","path":"C:\\Users\\TTMSOFT20\\.m2\\repository\\org\\xmlunit\\xmlunit-core\\2.6.3\\xmlunit-core-2.6.3.jar","sourceContainerUrl":"file:/C:/Users/TTMSOFT20/.m2/repository/org/xmlunit/xmlunit-core/2.6.3/xmlunit-core-2.6.3-sources.jar","javadocContainerUrl":"file:/C:/Users/TTMSOFT20/.m2/repository/org/xmlunit/xmlunit-core/2.6.3/xmlunit-core-2.6.3-javadoc.jar","isSystem":false,"isOwn":false,"isTest":false,"isJavaContent":false},{"kind":"binary","path":"C:\\Users\\TTMSOFT20\\.m2\\repository\\commons-collections\\commons-collections\\3.2.2\\commons-collections-3.2.2.jar","sourceContainerUrl":"file:/C:/Users/TTMSOFT20/.m2/repository/commons-collections/commons-collections/3.2.2/commons-collections-3.2.2-sources.jar","javadocContainerUrl":"file:/C:/Users/TTMSOFT20/.m2/repository/commons-collections/commons-collections/3.2.2/commons-collections-3.2.2-javadoc.jar","isSystem":false,"isOwn":false,"isTest":false,"isJavaContent":false},{"kind":"binary","path":"C:\\Users\\TTMSOFT20\\.m2\\repository\\javax\\servlet\\jstl\\1.2\\jstl-1.2.jar","sourceContainerUrl":"file:/C:/Users/TTMSOFT20/.m2/repository/javax/servlet/jstl/1.2/jstl-1.2-sources.jar","isSystem":false,"isOwn":false,"isTest":false,"isJavaContent":false},{"kind":"binary","path":"C:\\Users\\TTMSOFT20\\.m2\\repository\\org\\apache\\tomcat\\embed\\tomcat-embed-jasper\\9.0.30\\tomcat-embed-jasper-9.0.30.jar","sourceContainerUrl":"file:/C:/Users/TTMSOFT20/.m2/repository/org/apache/tomcat/embed/tomcat-embed-jasper/9.0.30/tomcat-embed-jasper-9.0.30-sources.jar","isSystem":false,"isOwn":false,"isTest":false,"isJavaContent":false},{"kind":"binary","path":"C:\\Users\\TTMSOFT20\\.m2\\repository\\org\\eclipse\\jdt\\ecj\\3.18.0\\ecj-3.18.0.jar","sourceContainerUrl":"file:/C:/Users/TTMSOFT20/.m2/repository/org/eclipse/jdt/ecj/3.18.0/ecj-3.18.0-sources.jar","javadocContainerUrl":"file:/C:/Users/TTMSOFT20/.m2/repository/org/eclipse/jdt/ecj/3.18.0/ecj-3.18.0-javadoc.jar","isSystem":false,"isOwn":false,"isTest":false,"isJavaContent":false},{"kind":"binary","path":"C:\\Users\\TTMSOFT20\\.m2\\repository\\org\\apache\\tiles\\tiles-jsp\\3.0.7\\tiles-jsp-3.0.7.jar","sourceContainerUrl":"file:/C:/Users/TTMSOFT20/.m2/repository/org/apache/tiles/tiles-jsp/3.0.7/tiles-jsp-3.0.7-sources.jar","javadocContainerUrl":"file:/C:/Users/TTMSOFT20/.m2/repository/org/apache/tiles/tiles-jsp/3.0.7/tiles-jsp-3.0.7-javadoc.jar","isSystem":false,"isOwn":false,"isTest":false,"isJavaContent":false},{"kind":"binary","path":"C:\\Users\\TTMSOFT20\\.m2\\repository\\org\\apache\\tiles\\tiles-servlet\\3.0.7\\tiles-servlet-3.0.7.jar","sourceContainerUrl":"file:/C:/Users/TTMSOFT20/.m2/repository/org/apache/tiles/tiles-servlet/3.0.7/tiles-servlet-3.0.7-sources.jar","javadocContainerUrl":"file:/C:/Users/TTMSOFT20/.m2/repository/org/apache/tiles/tiles-servlet/3.0.7/tiles-servlet-3.0.7-javadoc.jar","isSystem":false,"isOwn":false,"isTest":false,"isJavaContent":false},{"kind":"binary","path":"C:\\Users\\TTMSOFT20\\.m2\\repository\\org\\apache\\tiles\\tiles-core\\3.0.7\\tiles-core-3.0.7.jar","sourceContainerUrl":"file:/C:/Users/TTMSOFT20/.m2/repository/org/apache/tiles/tiles-core/3.0.7/tiles-core-3.0.7-sources.jar","javadocContainerUrl":"file:/C:/Users/TTMSOFT20/.m2/repository/org/apache/tiles/tiles-core/3.0.7/tiles-core-3.0.7-javadoc.jar","isSystem":false,"isOwn":false,"isTest":false,"isJavaContent":false},{"kind":"binary","path":"C:\\Users\\TTMSOFT20\\.m2\\repository\\commons-digester\\commons-digester\\2.0\\commons-digester-2.0.jar","sourceContainerUrl":"file:/C:/Users/TTMSOFT20/.m2/repository/commons-digester/commons-digester/2.0/commons-digester-2.0-sources.jar","javadocContainerUrl":"file:/C:/Users/TTMSOFT20/.m2/repository/commons-digester/commons-digester/2.0/commons-digester-2.0-javadoc.jar","isSystem":false,"isOwn":false,"isTest":false,"isJavaContent":false},{"kind":"binary","path":"C:\\Users\\TTMSOFT20\\.m2\\repository\\org\\slf4j\\jcl-over-slf4j\\1.7.30\\jcl-over-slf4j-1.7.30.jar","sourceContainerUrl":"file:/C:/Users/TTMSOFT20/.m2/repository/org/slf4j/jcl-over-slf4j/1.7.30/jcl-over-slf4j-1.7.30-sources.jar","javadocContainerUrl":"file:/C:/Users/TTMSOFT20/.m2/repository/org/slf4j/jcl-over-slf4j/1.7.30/jcl-over-slf4j-1.7.30-javadoc.jar","isSystem":false,"isOwn":false,"isTest":false,"isJavaContent":false},{"kind":"binary","path":"C:\\Users\\TTMSOFT20\\.m2\\repository\\org\\apache\\tiles\\tiles-request-servlet\\1.0.6\\tiles-request-servlet-1.0.6.jar","sourceContainerUrl":"file:/C:/Users/TTMSOFT20/.m2/repository/org/apache/tiles/tiles-request-servlet/1.0.6/tiles-request-servlet-1.0.6-sources.jar","javadocContainerUrl":"file:/C:/Users/TTMSOFT20/.m2/repository/org/apache/tiles/tiles-request-servlet/1.0.6/tiles-request-servlet-1.0.6-javadoc.jar","isSystem":false,"isOwn":false,"isTest":false,"isJavaContent":false},{"kind":"binary","path":"C:\\Users\\TTMSOFT20\\.m2\\repository\\org\\apache\\tiles\\tiles-template\\3.0.7\\tiles-template-3.0.7.jar","sourceContainerUrl":"file:/C:/Users/TTMSOFT20/.m2/repository/org/apache/tiles/tiles-template/3.0.7/tiles-template-3.0.7-sources.jar","javadocContainerUrl":"file:/C:/Users/TTMSOFT20/.m2/repository/org/apache/tiles/tiles-template/3.0.7/tiles-template-3.0.7-javadoc.jar","isSystem":false,"isOwn":false,"isTest":false,"isJavaContent":false},{"kind":"binary","path":"C:\\Users\\TTMSOFT20\\.m2\\repository\\org\\apache\\tiles\\tiles-api\\3.0.7\\tiles-api-3.0.7.jar","sourceContainerUrl":"file:/C:/Users/TTMSOFT20/.m2/repository/org/apache/tiles/tiles-api/3.0.7/tiles-api-3.0.7-sources.jar","javadocContainerUrl":"file:/C:/Users/TTMSOFT20/.m2/repository/org/apache/tiles/tiles-api/3.0.7/tiles-api-3.0.7-javadoc.jar","isSystem":false,"isOwn":false,"isTest":false,"isJavaContent":false},{"kind":"binary","path":"C:\\Users\\TTMSOFT20\\.m2\\repository\\org\\apache\\tiles\\tiles-autotag-core-runtime\\1.2\\tiles-autotag-core-runtime-1.2.jar","sourceContainerUrl":"file:/C:/Users/TTMSOFT20/.m2/repository/org/apache/tiles/tiles-autotag-core-runtime/1.2/tiles-autotag-core-runtime-1.2-sources.jar","javadocContainerUrl":"file:/C:/Users/TTMSOFT20/.m2/repository/org/apache/tiles/tiles-autotag-core-runtime/1.2/tiles-autotag-core-runtime-1.2-javadoc.jar","isSystem":false,"isOwn":false,"isTest":false,"isJavaContent":false},{"kind":"binary","path":"C:\\Users\\TTMSOFT20\\.m2\\repository\\org\\slf4j\\slf4j-api\\1.7.30\\slf4j-api-1.7.30.jar","sourceContainerUrl":"file:/C:/Users/TTMSOFT20/.m2/repository/org/slf4j/slf4j-api/1.7.30/slf4j-api-1.7.30-sources.jar","javadocContainerUrl":"file:/C:/Users/TTMSOFT20/.m2/repository/org/slf4j/slf4j-api/1.7.30/slf4j-api-1.7.30-javadoc.jar","isSystem":false,"isOwn":false,"isTest":false,"isJavaContent":false},{"kind":"binary","path":"C:\\Users\\TTMSOFT20\\.m2\\repository\\org\\apache\\tiles\\tiles-request-jsp\\1.0.6\\tiles-request-jsp-1.0.6.jar","sourceContainerUrl":"file:/C:/Users/TTMSOFT20/.m2/repository/org/apache/tiles/tiles-request-jsp/1.0.6/tiles-request-jsp-1.0.6-sources.jar","javadocContainerUrl":"file:/C:/Users/TTMSOFT20/.m2/repository/org/apache/tiles/tiles-request-jsp/1.0.6/tiles-request-jsp-1.0.6-javadoc.jar","isSystem":false,"isOwn":false,"isTest":false,"isJavaContent":false},{"kind":"binary","path":"C:\\Users\\TTMSOFT20\\.m2\\repository\\org\\apache\\tiles\\tiles-request-api\\1.0.6\\tiles-request-api-1.0.6.jar","sourceContainerUrl":"file:/C:/Users/TTMSOFT20/.m2/repository/org/apache/tiles/tiles-request-api/1.0.6/tiles-request-api-1.0.6-sources.jar","javadocContainerUrl":"file:/C:/Users/TTMSOFT20/.m2/repository/org/apache/tiles/tiles-request-api/1.0.6/tiles-request-api-1.0.6-javadoc.jar","isSystem":false,"isOwn":false,"isTest":false,"isJavaContent":false},{"kind":"binary","path":"C:\\Users\\TTMSOFT20\\.m2\\repository\\net\\sf\\json-lib\\json-lib\\2.4\\json-lib-2.4-jdk15.jar","isSystem":false,"isOwn":false,"isTest":false,"isJavaContent":false},{"kind":"binary","path":"C:\\Users\\TTMSOFT20\\.m2\\repository\\commons-beanutils\\commons-beanutils\\1.8.0\\commons-beanutils-1.8.0.jar","sourceContainerUrl":"file:/C:/Users/TTMSOFT20/.m2/repository/commons-beanutils/commons-beanutils/1.8.0/commons-beanutils-1.8.0-sources.jar","javadocContainerUrl":"file:/C:/Users/TTMSOFT20/.m2/repository/commons-beanutils/commons-beanutils/1.8.0/commons-beanutils-1.8.0-javadoc.jar","isSystem":false,"isOwn":false,"isTest":false,"isJavaContent":false},{"kind":"binary","path":"C:\\Users\\TTMSOFT20\\.m2\\repository\\commons-lang\\commons-lang\\2.5\\commons-lang-2.5.jar","sourceContainerUrl":"file:/C:/Users/TTMSOFT20/.m2/repository/commons-lang/commons-lang/2.5/commons-lang-2.5-sources.jar","javadocContainerUrl":"file:/C:/Users/TTMSOFT20/.m2/repository/commons-lang/commons-lang/2.5/commons-lang-2.5-javadoc.jar","isSystem":false,"isOwn":false,"isTest":false,"isJavaContent":false},{"kind":"binary","path":"C:\\Users\\TTMSOFT20\\.m2\\repository\\commons-logging\\commons-logging\\1.1.1\\commons-logging-1.1.1.jar","sourceContainerUrl":"file:/C:/Users/TTMSOFT20/.m2/repository/commons-logging/commons-logging/1.1.1/commons-logging-1.1.1-sources.jar","javadocContainerUrl":"file:/C:/Users/TTMSOFT20/.m2/repository/commons-logging/commons-logging/1.1.1/commons-logging-1.1.1-javadoc.jar","isSystem":false,"isOwn":false,"isTest":false,"isJavaContent":false},{"kind":"binary","path":"C:\\Users\\TTMSOFT20\\.m2\\repository\\net\\sf\\ezmorph\\ezmorph\\1.0.6\\ezmorph-1.0.6.jar","sourceContainerUrl":"file:/C:/Users/TTMSOFT20/.m2/repository/net/sf/ezmorph/ezmorph/1.0.6/ezmorph-1.0.6-sources.jar","javadocContainerUrl":"file:/C:/Users/TTMSOFT20/.m2/repository/net/sf/ezmorph/ezmorph/1.0.6/ezmorph-1.0.6-javadoc.jar","isSystem":false,"isOwn":false,"isTest":false,"isJavaContent":false},{"kind":"binary","path":"C:\\Users\\TTMSOFT20\\.m2\\repository\\com\\googlecode\\json-simple\\json-simple\\1.1.1\\json-simple-1.1.1.jar","sourceContainerUrl":"file:/C:/Users/TTMSOFT20/.m2/repository/com/googlecode/json-simple/json-simple/1.1.1/json-simple-1.1.1-sources.jar","javadocContainerUrl":"file:/C:/Users/TTMSOFT20/.m2/repository/com/googlecode/json-simple/json-simple/1.1.1/json-simple-1.1.1-javadoc.jar","isSystem":false,"isOwn":false,"isTest":false,"isJavaContent":false},{"kind":"binary","path":"C:\\Users\\TTMSOFT20\\.m2\\repository\\junit\\junit\\4.12\\junit-4.12.jar","sourceContainerUrl":"file:/C:/Users/TTMSOFT20/.m2/repository/junit/junit/4.12/junit-4.12-sources.jar","javadocContainerUrl":"file:/C:/Users/TTMSOFT20/.m2/repository/junit/junit/4.12/junit-4.12-javadoc.jar","isSystem":false,"isOwn":false,"isTest":false,"isJavaContent":false},{"kind":"binary","path":"C:\\Users\\TTMSOFT20\\.m2\\repository\\org\\hamcrest\\hamcrest-core\\2.1\\hamcrest-core-2.1.jar","sourceContainerUrl":"file:/C:/Users/TTMSOFT20/.m2/repository/org/hamcrest/hamcrest-core/2.1/hamcrest-core-2.1-sources.jar","javadocContainerUrl":"file:/C:/Users/TTMSOFT20/.m2/repository/org/hamcrest/hamcrest-core/2.1/hamcrest-core-2.1-javadoc.jar","isSystem":false,"isOwn":false,"isTest":false,"isJavaContent":false},{"kind":"binary","path":"C:\\Users\\TTMSOFT20\\.m2\\repository\\org\\codehaus\\jackson\\jackson-mapper-asl\\1.9.12\\jackson-mapper-asl-1.9.12.jar","sourceContainerUrl":"file:/C:/Users/TTMSOFT20/.m2/repository/org/codehaus/jackson/jackson-mapper-asl/1.9.12/jackson-mapper-asl-1.9.12-sources.jar","javadocContainerUrl":"file:/C:/Users/TTMSOFT20/.m2/repository/org/codehaus/jackson/jackson-mapper-asl/1.9.12/jackson-mapper-asl-1.9.12-javadoc.jar","isSystem":false,"isOwn":false,"isTest":false,"isJavaContent":false},{"kind":"binary","path":"C:\\Users\\TTMSOFT20\\.m2\\repository\\org\\codehaus\\jackson\\jackson-core-asl\\1.9.12\\jackson-core-asl-1.9.12.jar","sourceContainerUrl":"file:/C:/Users/TTMSOFT20/.m2/repository/org/codehaus/jackson/jackson-core-asl/1.9.12/jackson-core-asl-1.9.12-sources.jar","javadocContainerUrl":"file:/C:/Users/TTMSOFT20/.m2/repository/org/codehaus/jackson/jackson-core-asl/1.9.12/jackson-core-asl-1.9.12-javadoc.jar","isSystem":false,"isOwn":false,"isTest":false,"isJavaContent":false},{"kind":"binary","path":"C:\\Users\\TTMSOFT20\\.m2\\repository\\net\\sf\\ehcache\\ehcache\\2.10.6\\ehcache-2.10.6.jar","sourceContainerUrl":"file:/C:/Users/TTMSOFT20/.m2/repository/net/sf/ehcache/ehcache/2.10.6/ehcache-2.10.6-sources.jar","javadocContainerUrl":"file:/C:/Users/TTMSOFT20/.m2/repository/net/sf/ehcache/ehcache/2.10.6/ehcache-2.10.6-javadoc.jar","isSystem":false,"isOwn":false,"isTest":false,"isJavaContent":false},{"kind":"binary","path":"C:\\Users\\TTMSOFT20\\.m2\\repository\\commons-codec\\commons-codec\\1.13\\commons-codec-1.13.jar","sourceContainerUrl":"file:/C:/Users/TTMSOFT20/.m2/repository/commons-codec/commons-codec/1.13/commons-codec-1.13-sources.jar","javadocContainerUrl":"file:/C:/Users/TTMSOFT20/.m2/repository/commons-codec/commons-codec/1.13/commons-codec-1.13-javadoc.jar","isSystem":false,"isOwn":false,"isTest":false,"isJavaContent":false},{"kind":"binary","path":"C:\\Users\\TTMSOFT20\\.m2\\repository\\org\\imgscalr\\imgscalr-lib\\4.2\\imgscalr-lib-4.2.jar","sourceContainerUrl":"file:/C:/Users/TTMSOFT20/.m2/repository/org/imgscalr/imgscalr-lib/4.2/imgscalr-lib-4.2-sources.jar","javadocContainerUrl":"file:/C:/Users/TTMSOFT20/.m2/repository/org/imgscalr/imgscalr-lib/4.2/imgscalr-lib-4.2-javadoc.jar","isSystem":false,"isOwn":false,"isTest":false,"isJavaContent":false},{"kind":"binary","path":"C:\\Users\\TTMSOFT20\\.m2\\repository\\org\\jcodec\\jcodec\\0.2.1\\jcodec-0.2.1.jar","sourceContainerUrl":"file:/C:/Users/TTMSOFT20/.m2/repository/org/jcodec/jcodec/0.2.1/jcodec-0.2.1-sources.jar","javadocContainerUrl":"file:/C:/Users/TTMSOFT20/.m2/repository/org/jcodec/jcodec/0.2.1/jcodec-0.2.1-javadoc.jar","isSystem":false,"isOwn":false,"isTest":false,"isJavaContent":false},{"kind":"binary","path":"C:\\Users\\TTMSOFT20\\.m2\\repository\\com\\google\\code\\findbugs\\jsr305\\3.0.2\\jsr305-3.0.2.jar","sourceContainerUrl":"file:/C:/Users/TTMSOFT20/.m2/repository/com/google/code/findbugs/jsr305/3.0.2/jsr305-3.0.2-sources.jar","javadocContainerUrl":"file:/C:/Users/TTMSOFT20/.m2/repository/com/google/code/findbugs/jsr305/3.0.2/jsr305-3.0.2-javadoc.jar","isSystem":false,"isOwn":false,"isTest":false,"isJavaContent":false},{"kind":"binary","path":"C:\\Users\\TTMSOFT20\\.m2\\repository\\org\\jcodec\\jcodec-javase\\0.2.1\\jcodec-javase-0.2.1.jar","sourceContainerUrl":"file:/C:/Users/TTMSOFT20/.m2/repository/org/jcodec/jcodec-javase/0.2.1/jcodec-javase-0.2.1-sources.jar","javadocContainerUrl":"file:/C:/Users/TTMSOFT20/.m2/repository/org/jcodec/jcodec-javase/0.2.1/jcodec-javase-0.2.1-javadoc.jar","isSystem":false,"isOwn":false,"isTest":false,"isJavaContent":false},{"kind":"binary","path":"C:\\Users\\TTMSOFT20\\.m2\\repository\\commons-fileupload\\commons-fileupload\\1.3.1\\commons-fileupload-1.3.1.jar","sourceContainerUrl":"file:/C:/Users/TTMSOFT20/.m2/repository/commons-fileupload/commons-fileupload/1.3.1/commons-fileupload-1.3.1-sources.jar","javadocContainerUrl":"file:/C:/Users/TTMSOFT20/.m2/repository/commons-fileupload/commons-fileupload/1.3.1/commons-fileupload-1.3.1-javadoc.jar","isSystem":false,"isOwn":false,"isTest":false,"isJavaContent":false},{"kind":"binary","path":"C:\\Users\\TTMSOFT20\\.m2\\repository\\commons-io\\commons-io\\2.4\\commons-io-2.4.jar","sourceContainerUrl":"file:/C:/Users/TTMSOFT20/.m2/repository/commons-io/commons-io/2.4/commons-io-2.4-sources.jar","javadocContainerUrl":"file:/C:/Users/TTMSOFT20/.m2/repository/commons-io/commons-io/2.4/commons-io-2.4-javadoc.jar","isSystem":false,"isOwn":false,"isTest":false,"isJavaContent":false},{"kind":"binary","path":"C:\\Users\\TTMSOFT20\\.m2\\repository\\org\\apache\\poi\\poi\\3.17\\poi-3.17.jar","sourceContainerUrl":"file:/C:/Users/TTMSOFT20/.m2/repository/org/apache/poi/poi/3.17/poi-3.17-sources.jar","javadocContainerUrl":"file:/C:/Users/TTMSOFT20/.m2/repository/org/apache/poi/poi/3.17/poi-3.17-javadoc.jar","isSystem":false,"isOwn":false,"isTest":false,"isJavaContent":false},{"kind":"binary","path":"C:\\Users\\TTMSOFT20\\.m2\\repository\\org\\apache\\commons\\commons-collections4\\4.1\\commons-collections4-4.1.jar","sourceContainerUrl":"file:/C:/Users/TTMSOFT20/.m2/repository/org/apache/commons/commons-collections4/4.1/commons-collections4-4.1-sources.jar","javadocContainerUrl":"file:/C:/Users/TTMSOFT20/.m2/repository/org/apache/commons/commons-collections4/4.1/commons-collections4-4.1-javadoc.jar","isSystem":false,"isOwn":false,"isTest":false,"isJavaContent":false},{"kind":"binary","path":"C:\\Users\\TTMSOFT20\\.m2\\repository\\org\\apache\\ant\\ant\\1.10.5\\ant-1.10.5.jar","sourceContainerUrl":"file:/C:/Users/TTMSOFT20/.m2/repository/org/apache/ant/ant/1.10.5/ant-1.10.5-sources.jar","javadocContainerUrl":"file:/C:/Users/TTMSOFT20/.m2/repository/org/apache/ant/ant/1.10.5/ant-1.10.5-javadoc.jar","isSystem":false,"isOwn":false,"isTest":false,"isJavaContent":false},{"kind":"binary","path":"C:\\Users\\TTMSOFT20\\.m2\\repository\\org\\apache\\ant\\ant-launcher\\1.10.5\\ant-launcher-1.10.5.jar","sourceContainerUrl":"file:/C:/Users/TTMSOFT20/.m2/repository/org/apache/ant/ant-launcher/1.10.5/ant-launcher-1.10.5-sources.jar","isSystem":false,"isOwn":false,"isTest":false,"isJavaContent":false},{"kind":"binary","path":"C:\\Users\\TTMSOFT20\\.m2\\repository\\xerces\\xercesImpl\\2.11.0\\xercesImpl-2.11.0.jar","sourceContainerUrl":"file:/C:/Users/TTMSOFT20/.m2/repository/xerces/xercesImpl/2.11.0/xercesImpl-2.11.0-sources.jar","javadocContainerUrl":"file:/C:/Users/TTMSOFT20/.m2/repository/xerces/xercesImpl/2.11.0/xercesImpl-2.11.0-javadoc.jar","isSystem":false,"isOwn":false,"isTest":false,"isJavaContent":false},{"kind":"binary","path":"C:\\Users\\TTMSOFT20\\.m2\\repository\\xml-apis\\xml-apis\\1.4.01\\xml-apis-1.4.01.jar","sourceContainerUrl":"file:/C:/Users/TTMSOFT20/.m2/repository/xml-apis/xml-apis/1.4.01/xml-apis-1.4.01-sources.jar","javadocContainerUrl":"file:/C:/Users/TTMSOFT20/.m2/repository/xml-apis/xml-apis/1.4.01/xml-apis-1.4.01-javadoc.jar","isSystem":false,"isOwn":false,"isTest":false,"isJavaContent":false},{"kind":"binary","path":"C:\\Users\\TTMSOFT20\\.m2\\repository\\com\\google\\code\\gson\\gson\\2.8.2\\gson-2.8.2.jar","sourceContainerUrl":"file:/C:/Users/TTMSOFT20/.m2/repository/com/google/code/gson/gson/2.8.2/gson-2.8.2-sources.jar","javadocContainerUrl":"file:/C:/Users/TTMSOFT20/.m2/repository/com/google/code/gson/gson/2.8.2/gson-2.8.2-javadoc.jar","isSystem":false,"isOwn":false,"isTest":false,"isJavaContent":false},{"kind":"source","path":"C:\\sts-4.5.1.RELEASE\\workspace\\LMS_TTM\\src\\main\\java","outputFolder":"C:\\sts-4.5.1.RELEASE\\workspace\\LMS_TTM\\target\\classes","javadocContainerUrl":"file:/C:/sts-4.5.1.RELEASE/workspace/LMS_TTM/target/site/apidocs","isSystem":false,"isOwn":true,"isTest":false,"isJavaContent":true},{"kind":"source","path":"C:\\sts-4.5.1.RELEASE\\workspace\\LMS_TTM\\src\\test\\java","outputFolder":"C:\\sts-4.5.1.RELEASE\\workspace\\LMS_TTM\\target\\test-classes","javadocContainerUrl":"file:/C:/sts-4.5.1.RELEASE/workspace/LMS_TTM/target/site/apidocs","isSystem":false,"isOwn":true,"isTest":true,"isJavaContent":true},{"kind":"source","path":"C:\\sts-4.5.1.RELEASE\\workspace\\LMS_TTM\\src\\main\\resources","outputFolder":"C:\\sts-4.5.1.RELEASE\\workspace\\LMS_TTM\\target\\classes","isSystem":false,"isOwn":true,"isTest":false,"isJavaContent":false},{"kind":"source","path":"C:\\sts-4.5.1.RELEASE\\workspace\\LMS_TTM\\src\\test\\resources","outputFolder":"C:\\sts-4.5.1.RELEASE\\workspace\\LMS_TTM\\target\\test-classes","isSystem":false,"isOwn":true,"isTest":true,"isJavaContent":false},{"kind":"source","path":"C:\\sts-4.5.1.RELEASE\\workspace\\LMS_TTM\\src\\test\\java","outputFolder":"C:\\sts-4.5.1.RELEASE\\workspace\\LMS_TTM\\target\\test-classes","javadocContainerUrl":"file:/C:/sts-4.5.1.RELEASE/workspace/LMS_TTM/target/site/apidocs","isSystem":false,"isOwn":true,"isTest":false,"isJavaContent":false}]}