<?xml version="1.0" encoding="UTF-8"?>
<!DOCTYPE tiles-definitions PUBLIC
	"-//Apache Software Foundation//DTD Tiles Configuration 2.1//EN"
	"http://tiles.apache.org/dtds/tiles-config_2_1.dtd">
	
<configuration>
  <appender name="STDOUT" class="ch.qos.logback.core.ConsoleAppender">
    <encoder>
   	  <pattern>%d{yyyy-MM-dd HH:mm:ss.SSS} [%thread] %-3level %logger{5} - %msg %n</pattern>
    </encoder>
  </appender>

  <logger name="jdbc" level="OFF"/>
  <logger name="jdbc.sqlonly" level="OFF"/>
  <logger name="jdbc.sqltiming" level="DEBUG"/>
  <logger name="jdbc.audit" level="OFF"/>
  <logger name="jdbc.resultset" level="OFF"/>
  <logger name="jdbc.resultsettable" level="DEBUG"/>
  <logger name="jdbc.connection" level="OFF"/>

  <root level="INFO">
    <appender-ref ref="STDOUT" />
  </root>
</configuration>

